{"commitInfo":{"timestamp":1700134372772,"operation":"WRITE","operationParameters":{"mode":"Overwrite","partitionBy":"[]"},"readVersion":11,"isolationLevel":"Serializable","isBlindAppend":false,"operationMetrics":{"numFiles":"1","numOutputRows":"68","numOutputBytes":"2670"},"engineInfo":"Apache-Spark/3.3.1.5.2-108696741 Delta-Lake/2.2.0.9","txnId":"18743df3-6255-4949-8c78-fb513bfee6b7"}}
{"add":{"path":"transaction_date=2017-07-17/part-00000-26219796-4d71-4772-bc5a-95130e7bc282.c000.snappy.parquet","partitionValues":{"transaction_date":"2017-07-17"},"size":2670,"modificationTime":1700134372261,"dataChange":true,"stats":"{\"numRecords\":68,\"minValues\":{\"pos_transaction_id\":43667001,\"sku_num\":\"BK-M82B-38\",\"item_price_amt\":5.19,\"item_qty\":1,\"raw_batch_dt\":20170720,\"load_ts\":\"2023-11-16T11:32:51.316Z\"},\"maxValues\":{\"pos_transaction_id\":43779001,\"sku_num\":\"SO-B909-L\",\"item_price_amt\":3578.27,\"item_qty\":7,\"raw_batch_dt\":20170720,\"load_ts\":\"2023-11-16T11:32:51.316Z\"},\"nullCount\":{\"pos_transaction_id\":0,\"sku_num\":0,\"item_price_amt\":0,\"item_qty\":0,\"raw_batch_dt\":0,\"load_ts\":0}}","tags":{}}}
