{"commitInfo":{"timestamp":1700075411846,"operation":"WRITE","operationParameters":{"mode":"Overwrite","partitionBy":"[]"},"readVersion":7,"isolationLevel":"Serializable","isBlindAppend":false,"operationMetrics":{"numFiles":"1","numOutputRows":"12","numOutputBytes":"2039"},"engineInfo":"Apache-Spark/3.3.1.5.2-108696741 Delta-Lake/2.2.0.9","txnId":"b17c3cce-1c41-43f3-a678-cc178d415fe0"}}
{"add":{"path":"transaction_date=2017-07-13/part-00000-23022be6-596d-4747-8ca6-fb60bbdbc331.c000.snappy.parquet","partitionValues":{"transaction_date":"2017-07-13"},"size":2039,"modificationTime":1700075411180,"dataChange":true,"stats":"{\"numRecords\":12,\"minValues\":{\"pos_transaction_id\":43737001,\"sku_num\":\"BK-M82S-48\",\"item_price_amt\":3399.99,\"item_qty\":1,\"raw_batch_dt\":20170716,\"load_ts\":\"2023-11-15T19:10:10.062Z\"},\"maxValues\":{\"pos_transaction_id\":43744001,\"sku_num\":\"BK-R93R-62\",\"item_price_amt\":3578.27,\"item_qty\":1,\"raw_batch_dt\":20170716,\"load_ts\":\"2023-11-15T19:10:10.062Z\"},\"nullCount\":{\"pos_transaction_id\":0,\"sku_num\":0,\"item_price_amt\":0,\"item_qty\":0,\"raw_batch_dt\":0,\"load_ts\":0}}","tags":{}}}
