{"commitInfo":{"timestamp":1700134186400,"operation":"WRITE","operationParameters":{"mode":"Overwrite","partitionBy":"[]"},"readVersion":9,"isolationLevel":"Serializable","isBlindAppend":false,"operationMetrics":{"numFiles":"1","numOutputRows":"14","numOutputBytes":"2056"},"engineInfo":"Apache-Spark/3.3.1.5.2-108696741 Delta-Lake/2.2.0.9","txnId":"d7251cb3-0b61-416e-a4dc-bbd0d220cbee"}}
{"add":{"path":"transaction_date=2017-07-15/part-00000-4ff47c7d-8bb2-4225-8a27-a15405d23236.c000.snappy.parquet","partitionValues":{"transaction_date":"2017-07-15"},"size":2056,"modificationTime":1700134185681,"dataChange":true,"stats":"{\"numRecords\":14,\"minValues\":{\"pos_transaction_id\":43754001,\"sku_num\":\"BK-M82B-44\",\"item_price_amt\":699.10,\"item_qty\":1,\"raw_batch_dt\":20170718,\"load_ts\":\"2023-11-16T11:29:44.087Z\"},\"maxValues\":{\"pos_transaction_id\":43761001,\"sku_num\":\"BK-R93R-62\",\"item_price_amt\":3578.27,\"item_qty\":1,\"raw_batch_dt\":20170718,\"load_ts\":\"2023-11-16T11:29:44.087Z\"},\"nullCount\":{\"pos_transaction_id\":0,\"sku_num\":0,\"item_price_amt\":0,\"item_qty\":0,\"raw_batch_dt\":0,\"load_ts\":0}}","tags":{}}}
