{"commitInfo":{"timestamp":1700068840899,"operation":"CREATE TABLE","operationParameters":{"isManaged":"true","description":null,"partitionBy":"[\"transaction_date\"]","properties":"{}"},"isolationLevel":"Serializable","isBlindAppend":true,"operationMetrics":{},"engineInfo":"Apache-Spark/3.3.1.5.2-108696741 Delta-Lake/2.2.0.9","txnId":"378faca1-04d4-4a5e-91a7-b7770c7e3f9c"}}
{"protocol":{"minReaderVersion":1,"minWriterVersion":2}}
{"metaData":{"id":"b29d2bbe-4832-4b87-90d5-56dbba04dcd8","format":{"provider":"parquet","options":{}},"schemaString":"{\"type\":\"struct\",\"fields\":[{\"name\":\"pos_transaction_id\",\"type\":\"integer\",\"nullable\":true,\"metadata\":{}},{\"name\":\"sku_num\",\"type\":\"string\",\"nullable\":true,\"metadata\":{\"__CHAR_VARCHAR_TYPE_STRING\":\"varchar(100)\"}},{\"name\":\"item_price_amt\",\"type\":\"decimal(8,2)\",\"nullable\":true,\"metadata\":{}},{\"name\":\"item_qty\",\"type\":\"integer\",\"nullable\":true,\"metadata\":{}},{\"name\":\"raw_batch_dt\",\"type\":\"integer\",\"nullable\":true,\"metadata\":{}},{\"name\":\"load_ts\",\"type\":\"timestamp\",\"nullable\":true,\"metadata\":{}},{\"name\":\"transaction_date\",\"type\":\"date\",\"nullable\":true,\"metadata\":{}}]}","partitionColumns":["transaction_date"],"configuration":{},"createdTime":1700068840823}}
