{"commitInfo":{"timestamp":1700075108425,"operation":"WRITE","operationParameters":{"mode":"Overwrite","partitionBy":"[]"},"readVersion":5,"isolationLevel":"Serializable","isBlindAppend":false,"operationMetrics":{"numFiles":"1","numOutputRows":"23","numOutputBytes":"2218"},"engineInfo":"Apache-Spark/3.3.1.5.2-108696741 Delta-Lake/2.2.0.9","txnId":"25c77f0e-6d5a-4ded-ad80-1f1d59b92b12"}}
{"add":{"path":"transaction_date=2017-07-09/part-00000-a0198526-0e57-4aab-ab74-e47b053cee5e.c000.snappy.parquet","partitionValues":{"transaction_date":"2017-07-09"},"size":2218,"modificationTime":1700075107877,"dataChange":true,"stats":"{\"numRecords\":23,\"minValues\":{\"pos_transaction_id\":43659001,\"sku_num\":\"BK-M82B-42\",\"item_price_amt\":5.19,\"item_qty\":1,\"raw_batch_dt\":20170712,\"load_ts\":\"2023-11-15T19:05:06.710Z\"},\"maxValues\":{\"pos_transaction_id\":43712001,\"sku_num\":\"SO-B909-M\",\"item_price_amt\":3578.27,\"item_qty\":6,\"raw_batch_dt\":20170712,\"load_ts\":\"2023-11-15T19:05:06.710Z\"},\"nullCount\":{\"pos_transaction_id\":0,\"sku_num\":0,\"item_price_amt\":0,\"item_qty\":0,\"raw_batch_dt\":0,\"load_ts\":0}}","tags":{}}}
{"remove":{"path":"transaction_date=2017-07-09/part-00000-1d9974b9-2cf7-4d60-b31c-c14fb22e9600.c000.snappy.parquet","deletionTimestamp":1700075108424,"dataChange":true,"extendedFileMetadata":true,"partitionValues":{"transaction_date":"2017-07-09"},"size":2218,"tags":{}}}
