{"commitInfo":{"timestamp":1700075360495,"operation":"WRITE","operationParameters":{"mode":"Overwrite","partitionBy":"[]"},"readVersion":6,"isolationLevel":"Serializable","isBlindAppend":false,"operationMetrics":{"numFiles":"1","numOutputRows":"23","numOutputBytes":"2218"},"engineInfo":"Apache-Spark/3.3.1.5.2-108696741 Delta-Lake/2.2.0.9","txnId":"935a9245-781d-47be-ba23-562edaf42918"}}
{"add":{"path":"transaction_date=2017-07-09/part-00000-0a1416de-5118-472c-8154-7d484eb1fa3b.c000.snappy.parquet","partitionValues":{"transaction_date":"2017-07-09"},"size":2218,"modificationTime":1700075359970,"dataChange":true,"stats":"{\"numRecords\":23,\"minValues\":{\"pos_transaction_id\":43659001,\"sku_num\":\"BK-M82B-42\",\"item_price_amt\":5.19,\"item_qty\":1,\"raw_batch_dt\":20170712,\"load_ts\":\"2023-11-15T19:09:18.747Z\"},\"maxValues\":{\"pos_transaction_id\":43712001,\"sku_num\":\"SO-B909-M\",\"item_price_amt\":3578.27,\"item_qty\":6,\"raw_batch_dt\":20170712,\"load_ts\":\"2023-11-15T19:09:18.747Z\"},\"nullCount\":{\"pos_transaction_id\":0,\"sku_num\":0,\"item_price_amt\":0,\"item_qty\":0,\"raw_batch_dt\":0,\"load_ts\":0}}","tags":{}}}
{"remove":{"path":"transaction_date=2017-07-09/part-00000-a0198526-0e57-4aab-ab74-e47b053cee5e.c000.snappy.parquet","deletionTimestamp":1700075360494,"dataChange":true,"extendedFileMetadata":true,"partitionValues":{"transaction_date":"2017-07-09"},"size":2218,"tags":{}}}
