{"commitInfo":{"timestamp":1700134281277,"operation":"WRITE","operationParameters":{"mode":"Overwrite","partitionBy":"[]"},"readVersion":10,"isolationLevel":"Serializable","isBlindAppend":false,"operationMetrics":{"numFiles":"1","numOutputRows":"16","numOutputBytes":"2136"},"engineInfo":"Apache-Spark/3.3.1.5.2-108696741 Delta-Lake/2.2.0.9","txnId":"2ad86ed4-862d-4899-a465-9c87ea93f430"}}
{"add":{"path":"transaction_date=2017-07-16/part-00000-da5c744f-030d-4e1b-a146-d2d6e8eecb0a.c000.snappy.parquet","partitionValues":{"transaction_date":"2017-07-16"},"size":2136,"modificationTime":1700134280847,"dataChange":true,"stats":"{\"numRecords\":16,\"minValues\":{\"pos_transaction_id\":43666001,\"sku_num\":\"BK-M82B-44\",\"item_price_amt\":356.90,\"item_qty\":1,\"raw_batch_dt\":20170719,\"load_ts\":\"2023-11-16T11:31:19.551Z\"},\"maxValues\":{\"pos_transaction_id\":43767001,\"sku_num\":\"FR-R72R-48\",\"item_price_amt\":3578.27,\"item_qty\":2,\"raw_batch_dt\":20170719,\"load_ts\":\"2023-11-16T11:31:19.551Z\"},\"nullCount\":{\"pos_transaction_id\":0,\"sku_num\":0,\"item_price_amt\":0,\"item_qty\":0,\"raw_batch_dt\":0,\"load_ts\":0}}","tags":{}}}
