{"commitInfo":{"timestamp":1700076442767,"operation":"WRITE","operationParameters":{"mode":"Overwrite","partitionBy":"[]"},"readVersion":8,"isolationLevel":"Serializable","isBlindAppend":false,"operationMetrics":{"numFiles":"1","numOutputRows":"76","numOutputBytes":"2696"},"engineInfo":"Apache-Spark/3.3.1.5.2-108696741 Delta-Lake/2.2.0.9","txnId":"f6ac6aae-c9ad-45d8-b638-e7506373f26e"}}
{"add":{"path":"transaction_date=2017-07-14/part-00000-231af11a-014d-4a19-ad44-3c83098f1da7.c000.snappy.parquet","partitionValues":{"transaction_date":"2017-07-14"},"size":2696,"modificationTime":1700076442307,"dataChange":true,"stats":"{\"numRecords\":76,\"minValues\":{\"pos_transaction_id\":43662001,\"sku_num\":\"BK-M82B-38\",\"item_price_amt\":5.19,\"item_qty\":1,\"raw_batch_dt\":20170717,\"load_ts\":\"2023-11-15T19:27:21.154Z\"},\"maxValues\":{\"pos_transaction_id\":43753001,\"sku_num\":\"SO-B909-M\",\"item_price_amt\":3578.27,\"item_qty\":6,\"raw_batch_dt\":20170717,\"load_ts\":\"2023-11-15T19:27:21.154Z\"},\"nullCount\":{\"pos_transaction_id\":0,\"sku_num\":0,\"item_price_amt\":0,\"item_qty\":0,\"raw_batch_dt\":0,\"load_ts\":0}}","tags":{}}}
