{"commitInfo":{"timestamp":1700074732384,"operation":"WRITE","operationParameters":{"mode":"Overwrite","partitionBy":"[]"},"readVersion":2,"isolationLevel":"Serializable","isBlindAppend":false,"operationMetrics":{"numFiles":"1","numOutputRows":"17","numOutputBytes":"2078"},"engineInfo":"Apache-Spark/3.3.1.5.2-108696741 Delta-Lake/2.2.0.9","txnId":"780a442b-bb28-47ad-b0c6-b85a1bfb6bde"}}
{"add":{"path":"transaction_date=2017-07-08/part-00000-081ecf3e-f6b0-413a-af3a-6974336c20b7.c000.snappy.parquet","partitionValues":{"transaction_date":"2017-07-08"},"size":2078,"modificationTime":1700074730416,"dataChange":true,"stats":"{\"numRecords\":17,\"minValues\":{\"pos_transaction_id\":43697001,\"sku_num\":\"BK-M82B-48\",\"item_price_amt\":699.10,\"item_qty\":1,\"raw_batch_dt\":20170711,\"load_ts\":\"2023-11-15T18:58:48.017Z\"},\"maxValues\":{\"pos_transaction_id\":43705001,\"sku_num\":\"BK-R93R-62\",\"item_price_amt\":3578.27,\"item_qty\":1,\"raw_batch_dt\":20170711,\"load_ts\":\"2023-11-15T18:58:48.017Z\"},\"nullCount\":{\"pos_transaction_id\":0,\"sku_num\":0,\"item_price_amt\":0,\"item_qty\":0,\"raw_batch_dt\":0,\"load_ts\":0}}","tags":{}}}
