{"commitInfo":{"timestamp":1700068912272,"operation":"WRITE","operationParameters":{"mode":"Overwrite","partitionBy":"[]"},"readVersion":0,"isolationLevel":"Serializable","isBlindAppend":false,"operationMetrics":{"numFiles":"3","numOutputRows":"79","numOutputBytes":"6450"},"engineInfo":"Apache-Spark/3.3.1.5.2-108696741 Delta-Lake/2.2.0.9","txnId":"cfc99141-30fe-40d4-9561-b59012945bd5"}}
{"add":{"path":"transaction_date=2017-07-10/part-00000-23abd7af-8baa-4398-b895-8b0453be6cb0.c000.snappy.parquet","partitionValues":{"transaction_date":"2017-07-10"},"size":2043,"modificationTime":1700068909481,"dataChange":true,"stats":"{\"numRecords\":23,\"minValues\":{\"pos_transaction_id\":43713001,\"sku_num\":\"BK-R50B-62\",\"item_price_amt\":699.10,\"item_qty\":1,\"raw_batch_dt\":20170713,\"load_ts\":\"2023-11-15T17:21:44.950Z\"},\"maxValues\":{\"pos_transaction_id\":43721001,\"sku_num\":\"BK-R93R-62\",\"item_price_amt\":3578.27,\"item_qty\":1,\"raw_batch_dt\":20170713,\"load_ts\":\"2023-11-15T17:21:44.950Z\"},\"nullCount\":{\"pos_transaction_id\":0,\"sku_num\":0,\"item_price_amt\":0,\"item_qty\":0,\"raw_batch_dt\":0,\"load_ts\":0}}","tags":{}}}
{"add":{"path":"transaction_date=2017-07-11/part-00001-335512b5-8702-4ec3-ae71-a9701f9a1570.c000.snappy.parquet","partitionValues":{"transaction_date":"2017-07-11"},"size":2017,"modificationTime":1700068910038,"dataChange":true,"stats":"{\"numRecords\":14,\"minValues\":{\"pos_transaction_id\":43722001,\"sku_num\":\"BK-R50B-58\",\"item_price_amt\":699.10,\"item_qty\":1,\"raw_batch_dt\":20170714,\"load_ts\":\"2023-11-15T17:21:44.950Z\"},\"maxValues\":{\"pos_transaction_id\":43727001,\"sku_num\":\"BK-R93R-48\",\"item_price_amt\":3578.27,\"item_qty\":1,\"raw_batch_dt\":20170714,\"load_ts\":\"2023-11-15T17:21:44.950Z\"},\"nullCount\":{\"pos_transaction_id\":0,\"sku_num\":0,\"item_price_amt\":0,\"item_qty\":0,\"raw_batch_dt\":0,\"load_ts\":0}}","tags":{}}}
{"add":{"path":"transaction_date=2017-07-12/part-00002-11bea81b-cef9-4dab-b1d7-a7ebc2544758.c000.snappy.parquet","partitionValues":{"transaction_date":"2017-07-12"},"size":2390,"modificationTime":1700068910040,"dataChange":true,"stats":"{\"numRecords\":42,\"minValues\":{\"pos_transaction_id\":43660001,\"sku_num\":\"BK-M82B-38\",\"item_price_amt\":5.19,\"item_qty\":1,\"raw_batch_dt\":20170715,\"load_ts\":\"2023-11-15T17:21:44.950Z\"},\"maxValues\":{\"pos_transaction_id\":43736001,\"sku_num\":\"LJ-0192-X\",\"item_price_amt\":3578.27,\"item_qty\":5,\"raw_batch_dt\":20170715,\"load_ts\":\"2023-11-15T17:21:44.950Z\"},\"nullCount\":{\"pos_transaction_id\":0,\"sku_num\":0,\"item_price_amt\":0,\"item_qty\":0,\"raw_batch_dt\":0,\"load_ts\":0}}","tags":{}}}
