{"commitInfo":{"timestamp":1700075046875,"operation":"WRITE","operationParameters":{"mode":"Overwrite","partitionBy":"[]"},"readVersion":4,"isolationLevel":"Serializable","isBlindAppend":false,"operationMetrics":{"numFiles":"1","numOutputRows":"23","numOutputBytes":"2218"},"engineInfo":"Apache-Spark/3.3.1.5.2-108696741 Delta-Lake/2.2.0.9","txnId":"75c8dcdc-f69e-4c45-a5b0-44962be0d1d2"}}
{"add":{"path":"transaction_date=2017-07-09/part-00000-1d9974b9-2cf7-4d60-b31c-c14fb22e9600.c000.snappy.parquet","partitionValues":{"transaction_date":"2017-07-09"},"size":2218,"modificationTime":1700075046131,"dataChange":true,"stats":"{\"numRecords\":23,\"minValues\":{\"pos_transaction_id\":43659001,\"sku_num\":\"BK-M82B-42\",\"item_price_amt\":5.19,\"item_qty\":1,\"raw_batch_dt\":20170712,\"load_ts\":\"2023-11-15T19:04:04.648Z\"},\"maxValues\":{\"pos_transaction_id\":43712001,\"sku_num\":\"SO-B909-M\",\"item_price_amt\":3578.27,\"item_qty\":6,\"raw_batch_dt\":20170712,\"load_ts\":\"2023-11-15T19:04:04.648Z\"},\"nullCount\":{\"pos_transaction_id\":0,\"sku_num\":0,\"item_price_amt\":0,\"item_qty\":0,\"raw_batch_dt\":0,\"load_ts\":0}}","tags":{}}}
{"remove":{"path":"transaction_date=2017-07-09/part-00000-9548229a-fb6f-4069-b7ad-de917eb51cc4.c000.snappy.parquet","deletionTimestamp":1700075046873,"dataChange":true,"extendedFileMetadata":true,"partitionValues":{"transaction_date":"2017-07-09"},"size":2218,"tags":{}}}
