{"commitInfo":{"timestamp":1699292978188,"operation":"CREATE OR REPLACE TABLE AS SELECT","operationParameters":{"isManaged":"true","description":null,"partitionBy":"[]","properties":"{}"},"readVersion":2,"isolationLevel":"Serializable","isBlindAppend":false,"operationMetrics":{"numFiles":"1","numOutputRows":"1461","numOutputBytes":"8897"},"engineInfo":"Apache-Spark/3.3.1.5.2-105098986 Delta-Lake/2.2.0.8","txnId":"f9f65b75-e770-4de0-9f31-803d89d9303c"}}
{"add":{"path":"part-00000-7ddb6a30-4320-4840-9ee1-1af00dd1f313-c000.snappy.parquet","partitionValues":{},"size":8897,"modificationTime":1699292977787,"dataChange":true,"stats":"{\"numRecords\":1461,\"minValues\":{\"day_id\":20170701,\"month_id\":201707,\"year_id\":2017,\"fiscal_month_nm\":\"2017 Aug\",\"fiscal_quarter_nm\":\"FY2018 Q1\",\"fiscal_year_nm\":\"FY2018\",\"load_ts\":\"2023-11-06T17:49:36.776Z\"},\"maxValues\":{\"day_id\":20210630,\"month_id\":202106,\"year_id\":2021,\"fiscal_month_nm\":\"2021 May\",\"fiscal_quarter_nm\":\"FY2021 Q4\",\"fiscal_year_nm\":\"FY2021\",\"load_ts\":\"2023-11-06T17:49:36.776Z\"},\"nullCount\":{\"day_id\":0,\"month_id\":0,\"year_id\":0,\"fiscal_month_nm\":0,\"fiscal_quarter_nm\":0,\"fiscal_year_nm\":0,\"load_ts\":0}}","tags":{}}}
{"remove":{"path":"part-00000-c4110486-548e-4658-b56d-f9f07c0436c3-c000.snappy.parquet","deletionTimestamp":1699292978188,"dataChange":true,"extendedFileMetadata":true,"partitionValues":{},"size":8897,"tags":{}}}
