{"commitInfo":{"timestamp":1699292741033,"operation":"CREATE OR REPLACE TABLE AS SELECT","operationParameters":{"isManaged":"true","description":null,"partitionBy":"[]","properties":"{}"},"isolationLevel":"Serializable","isBlindAppend":false,"operationMetrics":{"numFiles":"1","numOutputRows":"1461","numOutputBytes":"8897"},"engineInfo":"Apache-Spark/3.3.1.5.2-105098986 Delta-Lake/2.2.0.8","txnId":"1c5a1d1b-4295-45c0-9828-7abe8e838623"}}
{"protocol":{"minReaderVersion":1,"minWriterVersion":2}}
{"metaData":{"id":"55758feb-6700-4ef5-9285-8eb250ec3078","format":{"provider":"parquet","options":{}},"schemaString":"{\"type\":\"struct\",\"fields\":[{\"name\":\"day_id\",\"type\":\"integer\",\"nullable\":true,\"metadata\":{}},{\"name\":\"month_id\",\"type\":\"integer\",\"nullable\":true,\"metadata\":{}},{\"name\":\"year_id\",\"type\":\"integer\",\"nullable\":true,\"metadata\":{}},{\"name\":\"fiscal_month_nm\",\"type\":\"string\",\"nullable\":true,\"metadata\":{}},{\"name\":\"fiscal_quarter_nm\",\"type\":\"string\",\"nullable\":true,\"metadata\":{}},{\"name\":\"fiscal_year_nm\",\"type\":\"string\",\"nullable\":true,\"metadata\":{}},{\"name\":\"load_ts\",\"type\":\"timestamp\",\"nullable\":true,\"metadata\":{}}]}","partitionColumns":[],"configuration":{},"createdTime":1699292739811}}
{"add":{"path":"part-00000-ca360c13-c65e-412a-9630-872f9bd6d233-c000.snappy.parquet","partitionValues":{},"size":8897,"modificationTime":1699292740628,"dataChange":true,"stats":"{\"numRecords\":1461,\"minValues\":{\"day_id\":20170701,\"month_id\":201707,\"year_id\":2017,\"fiscal_month_nm\":\"2017 Aug\",\"fiscal_quarter_nm\":\"FY2018 Q1\",\"fiscal_year_nm\":\"FY2018\",\"load_ts\":\"2023-11-06T17:45:39.569Z\"},\"maxValues\":{\"day_id\":20210630,\"month_id\":202106,\"year_id\":2021,\"fiscal_month_nm\":\"2021 May\",\"fiscal_quarter_nm\":\"FY2021 Q4\",\"fiscal_year_nm\":\"FY2021\",\"load_ts\":\"2023-11-06T17:45:39.569Z\"},\"nullCount\":{\"day_id\":0,\"month_id\":0,\"year_id\":0,\"fiscal_month_nm\":0,\"fiscal_quarter_nm\":0,\"fiscal_year_nm\":0,\"load_ts\":0}}","tags":{}}}
