{"commitInfo":{"timestamp":1699292878374,"operation":"CREATE OR REPLACE TABLE AS SELECT","operationParameters":{"isManaged":"true","description":null,"partitionBy":"[]","properties":"{}"},"readVersion":0,"isolationLevel":"Serializable","isBlindAppend":false,"operationMetrics":{"numFiles":"1","numOutputRows":"1461","numOutputBytes":"8897"},"engineInfo":"Apache-Spark/3.3.1.5.2-105098986 Delta-Lake/2.2.0.8","txnId":"dc17175a-472f-4e21-9b08-01adcca98914"}}
{"add":{"path":"part-00000-e9fafa34-0925-4ef9-830a-e323d5d2e5ed-c000.snappy.parquet","partitionValues":{},"size":8897,"modificationTime":1699292877803,"dataChange":true,"stats":"{\"numRecords\":1461,\"minValues\":{\"day_id\":20170701,\"month_id\":201707,\"year_id\":2017,\"fiscal_month_nm\":\"2017 Aug\",\"fiscal_quarter_nm\":\"FY2018 Q1\",\"fiscal_year_nm\":\"FY2018\",\"load_ts\":\"2023-11-06T17:47:56.493Z\"},\"maxValues\":{\"day_id\":20210630,\"month_id\":202106,\"year_id\":2021,\"fiscal_month_nm\":\"2021 May\",\"fiscal_quarter_nm\":\"FY2021 Q4\",\"fiscal_year_nm\":\"FY2021\",\"load_ts\":\"2023-11-06T17:47:56.493Z\"},\"nullCount\":{\"day_id\":0,\"month_id\":0,\"year_id\":0,\"fiscal_month_nm\":0,\"fiscal_quarter_nm\":0,\"fiscal_year_nm\":0,\"load_ts\":0}}","tags":{}}}
{"remove":{"path":"part-00000-ca360c13-c65e-412a-9630-872f9bd6d233-c000.snappy.parquet","deletionTimestamp":1699292878372,"dataChange":true,"extendedFileMetadata":true,"partitionValues":{},"size":8897,"tags":{}}}
