{"commitInfo":{"timestamp":1699292890850,"operation":"CREATE OR REPLACE TABLE AS SELECT","operationParameters":{"isManaged":"true","description":null,"partitionBy":"[]","properties":"{}"},"readVersion":1,"isolationLevel":"Serializable","isBlindAppend":false,"operationMetrics":{"numFiles":"1","numOutputRows":"1461","numOutputBytes":"8897"},"engineInfo":"Apache-Spark/3.3.1.5.2-105098986 Delta-Lake/2.2.0.8","txnId":"f796a0b4-2b69-4fa0-8d9e-d81eb345d685"}}
{"add":{"path":"part-00000-c4110486-548e-4658-b56d-f9f07c0436c3-c000.snappy.parquet","partitionValues":{},"size":8897,"modificationTime":1699292890329,"dataChange":true,"stats":"{\"numRecords\":1461,\"minValues\":{\"day_id\":20170701,\"month_id\":201707,\"year_id\":2017,\"fiscal_month_nm\":\"2017 Aug\",\"fiscal_quarter_nm\":\"FY2018 Q1\",\"fiscal_year_nm\":\"FY2018\",\"load_ts\":\"2023-11-06T17:48:09.286Z\"},\"maxValues\":{\"day_id\":20210630,\"month_id\":202106,\"year_id\":2021,\"fiscal_month_nm\":\"2021 May\",\"fiscal_quarter_nm\":\"FY2021 Q4\",\"fiscal_year_nm\":\"FY2021\",\"load_ts\":\"2023-11-06T17:48:09.286Z\"},\"nullCount\":{\"day_id\":0,\"month_id\":0,\"year_id\":0,\"fiscal_month_nm\":0,\"fiscal_quarter_nm\":0,\"fiscal_year_nm\":0,\"load_ts\":0}}","tags":{}}}
{"remove":{"path":"part-00000-e9fafa34-0925-4ef9-830a-e323d5d2e5ed-c000.snappy.parquet","deletionTimestamp":1699292890848,"dataChange":true,"extendedFileMetadata":true,"partitionValues":{},"size":8897,"tags":{}}}
