{"commitInfo":{"timestamp":1700134465333,"operation":"WRITE","operationParameters":{"mode":"Overwrite","partitionBy":"[]"},"readVersion":8,"isolationLevel":"SnapshotIsolation","isBlindAppend":false,"operationMetrics":{"numFiles":"2","numOutputRows":"54","numOutputBytes":"8586"},"engineInfo":"Apache-Spark/3.3.1.5.2-108696741 Delta-Lake/2.2.0.9","txnId":"30b05154-0aaf-4b98-adbe-7612c32d7825"}}
{"add":{"path":"current_record_ind=1/part-00000-2f24dc33-7cb6-4e36-ae7b-018207ebcd53.c000.snappy.parquet","partitionValues":{"current_record_ind":"1"},"size":4747,"modificationTime":1700134464655,"dataChange":false,"stats":"{\"numRecords\":47,\"minValues\":{\"sku_num\":\"BK-M82B-38\",\"effective_date\":\"2017-07-15\",\"end_date\":\"9999-12-31\",\"product_nm\":\"AWC Logo Cap\",\"category_nm\":\"Accessories\",\"sub_category_nm\":\"Caps\",\"item_price_amt\":5.19,\"standard_cost_amt\":3.40,\"color_nm\":\"Black\",\"load_ts\":\"2023-11-16T11:08:22.541Z\",\"raw_batch_dt\":20170712},\"maxValues\":{\"sku_num\":\"SO-B909-M\",\"effective_date\":\"2017-07-18\",\"end_date\":\"9999-12-31\",\"product_nm\":\"Sport-100 Helmet Red\",\"category_nm\":\"Components\",\"sub_category_nm\":\"Socks\",\"item_price_amt\":3578.27,\"standard_cost_amt\":2171.29,\"color_nm\":\"White\",\"load_ts\":\"2023-11-16T11:34:15.426Z\",\"raw_batch_dt\":20170718},\"nullCount\":{\"sku_num\":0,\"effective_date\":0,\"end_date\":0,\"product_nm\":0,\"category_nm\":0,\"sub_category_nm\":0,\"item_price_amt\":0,\"standard_cost_amt\":0,\"color_nm\":0,\"load_ts\":0,\"raw_batch_dt\":0}}","tags":{}}}
{"add":{"path":"current_record_ind=0/part-00001-5b2e4164-de35-47f9-b35d-48416f271a01.c000.snappy.parquet","partitionValues":{"current_record_ind":"0"},"size":3839,"modificationTime":1700134464620,"dataChange":false,"stats":"{\"numRecords\":7,\"minValues\":{\"sku_num\":\"BK-M82B-44\",\"effective_date\":\"2017-07-15\",\"end_date\":\"2017-07-16\",\"product_nm\":\"Mountain-100 Black 44\",\"category_nm\":\"Bikes\",\"sub_category_nm\":\"Mountain Bikes\",\"item_price_amt\":419.46,\"standard_cost_amt\":413.15,\"color_nm\":\"Black\",\"load_ts\":\"2023-11-16T11:08:22.541Z\",\"raw_batch_dt\":20170712},\"maxValues\":{\"sku_num\":\"BK-R50R-52\",\"effective_date\":\"2017-07-17\",\"end_date\":\"2017-07-18\",\"product_nm\":\"Road-650 Red 52\",\"category_nm\":\"Bikes\",\"sub_category_nm\":\"Road Bikes\",\"item_price_amt\":3399.99,\"standard_cost_amt\":1912.15,\"color_nm\":\"Silver\",\"load_ts\":\"2023-11-16T11:23:11.782Z\",\"raw_batch_dt\":20170717},\"nullCount\":{\"sku_num\":0,\"effective_date\":0,\"end_date\":0,\"product_nm\":0,\"category_nm\":0,\"sub_category_nm\":0,\"item_price_amt\":0,\"standard_cost_amt\":0,\"color_nm\":0,\"load_ts\":0,\"raw_batch_dt\":0}}","tags":{}}}
{"remove":{"path":"current_record_ind=0/part-00001-7e3fe0e0-9331-4f74-9859-6c886fbb8d20.c000.snappy.parquet","deletionTimestamp":1700134465333,"dataChange":false,"extendedFileMetadata":true,"partitionValues":{"current_record_ind":"0"},"size":3498,"tags":{}}}
{"remove":{"path":"current_record_ind=1/part-00000-fc003574-671e-4125-917c-43790be7ab6b.c000.snappy.parquet","deletionTimestamp":1700134465333,"dataChange":false,"extendedFileMetadata":true,"partitionValues":{"current_record_ind":"1"},"size":4435,"tags":{}}}
{"remove":{"path":"current_record_ind=0/part-00001-2a8cf7a2-ba64-4312-8db3-ca5eb82d25fb.c000.snappy.parquet","deletionTimestamp":1700134465333,"dataChange":false,"extendedFileMetadata":true,"partitionValues":{"current_record_ind":"0"},"size":3493,"tags":{}}}
{"remove":{"path":"current_record_ind=1/part-00000-aed67ae4-0125-4b58-938f-27c6c4a22fd0.c000.snappy.parquet","deletionTimestamp":1700134465333,"dataChange":false,"extendedFileMetadata":true,"partitionValues":{"current_record_ind":"1"},"size":3549,"tags":{}}}
