{"commitInfo":{"timestamp":1700134788348,"operation":"MERGE","operationParameters":{"predicate":"(t.sku_num = s.MergeKey)","matchedPredicates":"[{\"predicate\":\"((t.current_record_ind = 1) AND ((((NOT (t.product_nm = s.product_nm)) OR (NOT (t.category_nm = s.category_nm))) OR (NOT (t.sub_category_nm = s.sub_category_nm))) OR (((NOT (t.item_price_amt = s.item_price_amt)) OR (NOT (t.standard_cost_amt = s.standard_cost_amt))) OR (NOT (t.color_nm = s.color_nm)))))\",\"actionType\":\"update\"}]","notMatchedPredicates":"[{\"actionType\":\"insert\"}]"},"readVersion":10,"isolationLevel":"Serializable","isBlindAppend":false,"operationMetrics":{"numTargetRowsCopied":"10","numTargetRowsDeleted":"0","numTargetFilesAdded":"2","executionTimeMs":"6137","numTargetRowsInserted":"0","unmodifiedRewriteTimeMs":"1015","scanTimeMs":"2341","numTargetRowsUpdated":"0","numOutputRows":"10","numTargetChangeFilesAdded":"0","numSourceRows":"6","numTargetFilesRemoved":"2","rewriteTimeMs":"2319"},"engineInfo":"Apache-Spark/3.3.1.5.2-108696741 Delta-Lake/2.2.0.9","txnId":"f5675929-ef4a-49dd-8138-3135b697808d"}}
{"remove":{"path":"current_record_ind=1/part-00000-55ea94be-f2f5-4bcb-bdcd-42eb7322d0f6.c000.snappy.parquet","deletionTimestamp":1700134788293,"dataChange":true,"extendedFileMetadata":true,"partitionValues":{"current_record_ind":"1"},"size":3549,"tags":{}}}
{"remove":{"path":"current_record_ind=0/part-00001-764d68be-5338-4adc-bb6c-d80a63b34fc4.c000.snappy.parquet","deletionTimestamp":1700134788293,"dataChange":true,"extendedFileMetadata":true,"partitionValues":{"current_record_ind":"0"},"size":3498,"tags":{}}}
{"add":{"path":"current_record_ind=1/part-00000-742a6c34-7c3b-4608-97f8-bd5d6862ae88.c000.snappy.parquet","partitionValues":{"current_record_ind":"1"},"size":3549,"modificationTime":1700134788203,"dataChange":true,"stats":"{\"numRecords\":6,\"minValues\":{\"sku_num\":\"BK-M82B-44\",\"effective_date\":\"2017-07-15\",\"end_date\":\"9999-12-31\",\"product_nm\":\"Mountain-100 Black 44\",\"category_nm\":\"Bikes\",\"sub_category_nm\":\"Mountain Bikes\",\"item_price_amt\":699.10,\"standard_cost_amt\":413.15,\"color_nm\":\"Black\",\"load_ts\":\"2023-11-16T11:08:22.541Z\",\"raw_batch_dt\":20170714},\"maxValues\":{\"sku_num\":\"BK-R93R-62\",\"effective_date\":\"2017-07-18\",\"end_date\":\"9999-12-31\",\"product_nm\":\"Road-650 Black 58\",\"category_nm\":\"Bikes\",\"sub_category_nm\":\"Road Bikes\",\"item_price_amt\":3578.27,\"standard_cost_amt\":2171.29,\"color_nm\":\"Red\",\"load_ts\":\"2023-11-16T11:34:15.426Z\",\"raw_batch_dt\":20170718},\"nullCount\":{\"sku_num\":0,\"effective_date\":0,\"end_date\":0,\"product_nm\":0,\"category_nm\":0,\"sub_category_nm\":0,\"item_price_amt\":0,\"standard_cost_amt\":0,\"color_nm\":0,\"load_ts\":0,\"raw_batch_dt\":0}}","tags":{}}}
{"add":{"path":"current_record_ind=0/part-00001-1441e61b-e499-46e2-9c84-63a1f6cb29e3.c000.snappy.parquet","partitionValues":{"current_record_ind":"0"},"size":3498,"modificationTime":1700134788193,"dataChange":true,"stats":"{\"numRecords\":4,\"minValues\":{\"sku_num\":\"BK-M82B-44\",\"effective_date\":\"2017-07-15\",\"end_date\":\"2017-07-17\",\"product_nm\":\"Mountain-100 Black 44\",\"category_nm\":\"Bikes\",\"sub_category_nm\":\"Mountain Bikes\",\"item_price_amt\":419.46,\"standard_cost_amt\":413.15,\"color_nm\":\"Black\",\"load_ts\":\"2023-11-16T11:08:22.541Z\",\"raw_batch_dt\":20170714},\"maxValues\":{\"sku_num\":\"BK-R50B-58\",\"effective_date\":\"2017-07-17\",\"end_date\":\"2017-07-18\",\"product_nm\":\"Road-650 Black 58\",\"category_nm\":\"Bikes\",\"sub_category_nm\":\"Road Bikes\",\"item_price_amt\":3374.99,\"standard_cost_amt\":1898.09,\"color_nm\":\"Black\",\"load_ts\":\"2023-11-16T11:23:11.782Z\",\"raw_batch_dt\":20170717},\"nullCount\":{\"sku_num\":0,\"effective_date\":0,\"end_date\":0,\"product_nm\":0,\"category_nm\":0,\"sub_category_nm\":0,\"item_price_amt\":0,\"standard_cost_amt\":0,\"color_nm\":0,\"load_ts\":0,\"raw_batch_dt\":0}}","tags":{}}}
