{"commitInfo":{"timestamp":1700132906342,"operation":"WRITE","operationParameters":{"mode":"Overwrite","partitionBy":"[]"},"readVersion":0,"isolationLevel":"Serializable","isBlindAppend":false,"operationMetrics":{"numFiles":"1","numOutputRows":"30","numOutputBytes":"4420"},"engineInfo":"Apache-Spark/3.3.1.5.2-108696741 Delta-Lake/2.2.0.9","txnId":"752d9fbd-b5a0-4f85-88f6-30edc2ad2eba"}}
{"add":{"path":"current_record_ind=1/part-00000-2efadc8c-605a-4f30-a1ad-3d755eab6570.c000.snappy.parquet","partitionValues":{"current_record_ind":"1"},"size":4420,"modificationTime":1700132905618,"dataChange":true,"stats":"{\"numRecords\":30,\"minValues\":{\"sku_num\":\"BK-M82B-38\",\"effective_date\":\"2017-07-15\",\"end_date\":\"9999-12-31\",\"product_nm\":\"AWC Logo Cap\",\"category_nm\":\"Accessories\",\"sub_category_nm\":\"Caps\",\"item_price_amt\":5.19,\"standard_cost_amt\":3.40,\"color_nm\":\"Black\",\"load_ts\":\"2023-11-16T11:08:22.541Z\",\"raw_batch_dt\":20170712},\"maxValues\":{\"sku_num\":\"SO-B909-M\",\"effective_date\":\"2017-07-15\",\"end_date\":\"9999-12-31\",\"product_nm\":\"Sport-100 Helmet Blue\",\"category_nm\":\"Components\",\"sub_category_nm\":\"Socks\",\"item_price_amt\":3578.27,\"standard_cost_amt\":2171.29,\"color_nm\":\"White\",\"load_ts\":\"2023-11-16T11:08:22.541Z\",\"raw_batch_dt\":20170715},\"nullCount\":{\"sku_num\":0,\"effective_date\":0,\"end_date\":0,\"product_nm\":0,\"category_nm\":0,\"sub_category_nm\":0,\"item_price_amt\":0,\"standard_cost_amt\":0,\"color_nm\":0,\"load_ts\":0,\"raw_batch_dt\":0}}","tags":{}}}
