{"commitInfo":{"timestamp":1700132895653,"operation":"CREATE TABLE","operationParameters":{"isManaged":"true","description":null,"partitionBy":"[\"current_record_ind\"]","properties":"{}"},"isolationLevel":"Serializable","isBlindAppend":true,"operationMetrics":{},"engineInfo":"Apache-Spark/3.3.1.5.2-108696741 Delta-Lake/2.2.0.9","txnId":"9f3ad31e-f635-45b7-898c-0ac7a3e01fd8"}}
{"protocol":{"minReaderVersion":1,"minWriterVersion":2}}
{"metaData":{"id":"508d9ff1-a181-4fc7-94ed-31c60483ca25","format":{"provider":"parquet","options":{}},"schemaString":"{\"type\":\"struct\",\"fields\":[{\"name\":\"sku_num\",\"type\":\"string\",\"nullable\":false,\"metadata\":{\"__CHAR_VARCHAR_TYPE_STRING\":\"varchar(100)\"}},{\"name\":\"effective_date\",\"type\":\"date\",\"nullable\":true,\"metadata\":{}},{\"name\":\"end_date\",\"type\":\"date\",\"nullable\":true,\"metadata\":{}},{\"name\":\"product_nm\",\"type\":\"string\",\"nullable\":true,\"metadata\":{\"__CHAR_VARCHAR_TYPE_STRING\":\"varchar(200)\"}},{\"name\":\"category_nm\",\"type\":\"string\",\"nullable\":true,\"metadata\":{\"__CHAR_VARCHAR_TYPE_STRING\":\"varchar(100)\"}},{\"name\":\"sub_category_nm\",\"type\":\"string\",\"nullable\":true,\"metadata\":{\"__CHAR_VARCHAR_TYPE_STRING\":\"varchar(100)\"}},{\"name\":\"item_price_amt\",\"type\":\"decimal(8,2)\",\"nullable\":true,\"metadata\":{}},{\"name\":\"standard_cost_amt\",\"type\":\"decimal(8,2)\",\"nullable\":true,\"metadata\":{}},{\"name\":\"color_nm\",\"type\":\"string\",\"nullable\":true,\"metadata\":{\"__CHAR_VARCHAR_TYPE_STRING\":\"varchar(100)\"}},{\"name\":\"load_ts\",\"type\":\"timestamp\",\"nullable\":true,\"metadata\":{}},{\"name\":\"raw_batch_dt\",\"type\":\"integer\",\"nullable\":true,\"metadata\":{}},{\"name\":\"current_record_ind\",\"type\":\"integer\",\"nullable\":true,\"metadata\":{}}]}","partitionColumns":["current_record_ind"],"configuration":{},"createdTime":1700132895598}}
