{"commitInfo":{"timestamp":1700133349305,"operation":"MERGE","operationParameters":{"predicate":"(t.sku_num = s.MergeKey)","matchedPredicates":"[{\"predicate\":\"((t.current_record_ind = 1) AND ((((NOT (t.product_nm = s.product_nm)) OR (NOT (t.category_nm = s.category_nm))) OR (NOT (t.sub_category_nm = s.sub_category_nm))) OR (((NOT (t.item_price_amt = s.item_price_amt)) OR (NOT (t.standard_cost_amt = s.standard_cost_amt))) OR (NOT (t.color_nm = s.color_nm)))))\",\"actionType\":\"update\"}]","notMatchedPredicates":"[{\"actionType\":\"insert\"}]"},"readVersion":3,"isolationLevel":"Serializable","isBlindAppend":false,"operationMetrics":{"numTargetRowsCopied":"31","numTargetRowsDeleted":"0","numTargetFilesAdded":"3","executionTimeMs":"6537","numTargetRowsInserted":"0","unmodifiedRewriteTimeMs":"1267","scanTimeMs":"2932","numTargetRowsUpdated":"0","numOutputRows":"31","numTargetChangeFilesAdded":"0","numSourceRows":"6","numTargetFilesRemoved":"2","rewriteTimeMs":"2234"},"engineInfo":"Apache-Spark/3.3.1.5.2-108696741 Delta-Lake/2.2.0.9","txnId":"fe755877-d5c7-4203-8abe-2d9158ba59ba"}}
{"remove":{"path":"current_record_ind=0/part-00001-3337084d-c5aa-409a-882f-e684c6cb389c.c000.snappy.parquet","deletionTimestamp":1700133349185,"dataChange":true,"extendedFileMetadata":true,"partitionValues":{"current_record_ind":"0"},"size":3546,"tags":{}}}
{"remove":{"path":"current_record_ind=1/part-00000-b6244598-5910-4005-9247-9660e1c50061.c000.snappy.parquet","deletionTimestamp":1700133349185,"dataChange":true,"extendedFileMetadata":true,"partitionValues":{"current_record_ind":"1"},"size":4424,"tags":{}}}
{"add":{"path":"current_record_ind=1/part-00000-98ca2178-3ec3-4832-9943-13a2b4b08f61.c000.snappy.parquet","partitionValues":{"current_record_ind":"1"},"size":3528,"modificationTime":1700133349079,"dataChange":true,"stats":"{\"numRecords\":6,\"minValues\":{\"sku_num\":\"BK-M82S-48\",\"effective_date\":\"2017-07-15\",\"end_date\":\"9999-12-31\",\"product_nm\":\"Mountain-100 Silver 48\",\"category_nm\":\"Bikes\",\"sub_category_nm\":\"Mountain Bikes\",\"item_price_amt\":3399.99,\"standard_cost_amt\":1912.15,\"color_nm\":\"Red\",\"load_ts\":\"2023-11-16T11:08:22.541Z\",\"raw_batch_dt\":20170714},\"maxValues\":{\"sku_num\":\"BK-R93R-62\",\"effective_date\":\"2017-07-16\",\"end_date\":\"9999-12-31\",\"product_nm\":\"Road-150 Red 62\",\"category_nm\":\"Bikes\",\"sub_category_nm\":\"Road Bikes\",\"item_price_amt\":3578.27,\"standard_cost_amt\":2171.29,\"color_nm\":\"Silver\",\"load_ts\":\"2023-11-16T11:10:14.258Z\",\"raw_batch_dt\":20170716},\"nullCount\":{\"sku_num\":0,\"effective_date\":0,\"end_date\":0,\"product_nm\":0,\"category_nm\":0,\"sub_category_nm\":0,\"item_price_amt\":0,\"standard_cost_amt\":0,\"color_nm\":0,\"load_ts\":0,\"raw_batch_dt\":0}}","tags":{}}}
{"add":{"path":"current_record_ind=0/part-00001-c2a1df2e-27e6-47b3-9f37-8232b176f777.c000.snappy.parquet","partitionValues":{"current_record_ind":"0"},"size":3331,"modificationTime":1700133349064,"dataChange":true,"stats":"{\"numRecords\":1,\"minValues\":{\"sku_num\":\"BK-M82S-48\",\"effective_date\":\"2017-07-15\",\"end_date\":\"2017-07-16\",\"product_nm\":\"Mountain-100 Silver 48\",\"category_nm\":\"Bikes\",\"sub_category_nm\":\"Mountain Bikes\",\"item_price_amt\":2039.99,\"standard_cost_amt\":1912.15,\"color_nm\":\"Silver\",\"load_ts\":\"2023-11-16T11:08:22.541Z\",\"raw_batch_dt\":20170712},\"maxValues\":{\"sku_num\":\"BK-M82S-48\",\"effective_date\":\"2017-07-15\",\"end_date\":\"2017-07-16\",\"product_nm\":\"Mountain-100 Silver 48\",\"category_nm\":\"Bikes\",\"sub_category_nm\":\"Mountain Bikes\",\"item_price_amt\":2039.99,\"standard_cost_amt\":1912.15,\"color_nm\":\"Silver\",\"load_ts\":\"2023-11-16T11:08:22.541Z\",\"raw_batch_dt\":20170712},\"nullCount\":{\"sku_num\":0,\"effective_date\":0,\"end_date\":0,\"product_nm\":0,\"category_nm\":0,\"sub_category_nm\":0,\"item_price_amt\":0,\"standard_cost_amt\":0,\"color_nm\":0,\"load_ts\":0,\"raw_batch_dt\":0}}","tags":{}}}
{"add":{"path":"current_record_ind=1/part-00000-f35ded8f-2268-4848-8407-a3d3ce3590cd.c000.snappy.parquet","partitionValues":{"current_record_ind":"1"},"size":4121,"modificationTime":1700133348051,"dataChange":true,"stats":"{\"numRecords\":24,\"minValues\":{\"sku_num\":\"BK-M82B-38\",\"effective_date\":\"2017-07-15\",\"end_date\":\"9999-12-31\",\"product_nm\":\"AWC Logo Cap\",\"category_nm\":\"Accessories\",\"sub_category_nm\":\"Caps\",\"item_price_amt\":5.19,\"standard_cost_amt\":3.40,\"color_nm\":\"Black\",\"load_ts\":\"2023-11-16T11:08:22.541Z\",\"raw_batch_dt\":20170712},\"maxValues\":{\"sku_num\":\"SO-B909-M\",\"effective_date\":\"2017-07-15\",\"end_date\":\"9999-12-31\",\"product_nm\":\"Sport-100 Helmet Blue\",\"category_nm\":\"Components\",\"sub_category_nm\":\"Socks\",\"item_price_amt\":3399.99,\"standard_cost_amt\":1912.15,\"color_nm\":\"White\",\"load_ts\":\"2023-11-16T11:08:22.541Z\",\"raw_batch_dt\":20170715},\"nullCount\":{\"sku_num\":0,\"effective_date\":0,\"end_date\":0,\"product_nm\":0,\"category_nm\":0,\"sub_category_nm\":0,\"item_price_amt\":0,\"standard_cost_amt\":0,\"color_nm\":0,\"load_ts\":0,\"raw_batch_dt\":0}}","tags":{}}}
