{"commitInfo":{"timestamp":1700133612511,"operation":"MERGE","operationParameters":{"predicate":"(t.sku_num = s.MergeKey)","matchedPredicates":"[{\"predicate\":\"((t.current_record_ind = 1) AND ((((NOT (t.product_nm = s.product_nm)) OR (NOT (t.category_nm = s.category_nm))) OR (NOT (t.sub_category_nm = s.sub_category_nm))) OR (((NOT (t.item_price_amt = s.item_price_amt)) OR (NOT (t.standard_cost_amt = s.standard_cost_amt))) OR (NOT (t.color_nm = s.color_nm)))))\",\"actionType\":\"update\"}]","notMatchedPredicates":"[{\"actionType\":\"insert\"}]"},"readVersion":4,"isolationLevel":"Serializable","isBlindAppend":false,"operationMetrics":{"numTargetRowsCopied":"7","numTargetRowsDeleted":"0","numTargetFilesAdded":"2","executionTimeMs":"5593","numTargetRowsInserted":"0","unmodifiedRewriteTimeMs":"982","scanTimeMs":"2533","numTargetRowsUpdated":"0","numOutputRows":"7","numTargetChangeFilesAdded":"0","numSourceRows":"6","numTargetFilesRemoved":"2","rewriteTimeMs":"1838"},"engineInfo":"Apache-Spark/3.3.1.5.2-108696741 Delta-Lake/2.2.0.9","txnId":"bf443dd8-2d3e-48f0-80e0-e5a3c99e78d6"}}
{"remove":{"path":"current_record_ind=0/part-00001-c2a1df2e-27e6-47b3-9f37-8232b176f777.c000.snappy.parquet","deletionTimestamp":1700133612463,"dataChange":true,"extendedFileMetadata":true,"partitionValues":{"current_record_ind":"0"},"size":3331,"tags":{}}}
{"remove":{"path":"current_record_ind=1/part-00000-98ca2178-3ec3-4832-9943-13a2b4b08f61.c000.snappy.parquet","deletionTimestamp":1700133612463,"dataChange":true,"extendedFileMetadata":true,"partitionValues":{"current_record_ind":"1"},"size":3528,"tags":{}}}
{"add":{"path":"current_record_ind=1/part-00000-63f6e2e3-e64d-4a50-9e6f-cfd9bac4fffc.c000.snappy.parquet","partitionValues":{"current_record_ind":"1"},"size":3528,"modificationTime":1700133612362,"dataChange":true,"stats":"{\"numRecords\":6,\"minValues\":{\"sku_num\":\"BK-M82S-48\",\"effective_date\":\"2017-07-15\",\"end_date\":\"9999-12-31\",\"product_nm\":\"Mountain-100 Silver 48\",\"category_nm\":\"Bikes\",\"sub_category_nm\":\"Mountain Bikes\",\"item_price_amt\":3399.99,\"standard_cost_amt\":1912.15,\"color_nm\":\"Red\",\"load_ts\":\"2023-11-16T11:08:22.541Z\",\"raw_batch_dt\":20170714},\"maxValues\":{\"sku_num\":\"BK-R93R-62\",\"effective_date\":\"2017-07-16\",\"end_date\":\"9999-12-31\",\"product_nm\":\"Road-150 Red 62\",\"category_nm\":\"Bikes\",\"sub_category_nm\":\"Road Bikes\",\"item_price_amt\":3578.27,\"standard_cost_amt\":2171.29,\"color_nm\":\"Silver\",\"load_ts\":\"2023-11-16T11:10:14.258Z\",\"raw_batch_dt\":20170716},\"nullCount\":{\"sku_num\":0,\"effective_date\":0,\"end_date\":0,\"product_nm\":0,\"category_nm\":0,\"sub_category_nm\":0,\"item_price_amt\":0,\"standard_cost_amt\":0,\"color_nm\":0,\"load_ts\":0,\"raw_batch_dt\":0}}","tags":{}}}
{"add":{"path":"current_record_ind=0/part-00001-76ccfc9a-d203-4162-b6d6-cbcf677d46e5.c000.snappy.parquet","partitionValues":{"current_record_ind":"0"},"size":3331,"modificationTime":1700133612372,"dataChange":true,"stats":"{\"numRecords\":1,\"minValues\":{\"sku_num\":\"BK-M82S-48\",\"effective_date\":\"2017-07-15\",\"end_date\":\"2017-07-16\",\"product_nm\":\"Mountain-100 Silver 48\",\"category_nm\":\"Bikes\",\"sub_category_nm\":\"Mountain Bikes\",\"item_price_amt\":2039.99,\"standard_cost_amt\":1912.15,\"color_nm\":\"Silver\",\"load_ts\":\"2023-11-16T11:08:22.541Z\",\"raw_batch_dt\":20170712},\"maxValues\":{\"sku_num\":\"BK-M82S-48\",\"effective_date\":\"2017-07-15\",\"end_date\":\"2017-07-16\",\"product_nm\":\"Mountain-100 Silver 48\",\"category_nm\":\"Bikes\",\"sub_category_nm\":\"Mountain Bikes\",\"item_price_amt\":2039.99,\"standard_cost_amt\":1912.15,\"color_nm\":\"Silver\",\"load_ts\":\"2023-11-16T11:08:22.541Z\",\"raw_batch_dt\":20170712},\"nullCount\":{\"sku_num\":0,\"effective_date\":0,\"end_date\":0,\"product_nm\":0,\"category_nm\":0,\"sub_category_nm\":0,\"item_price_amt\":0,\"standard_cost_amt\":0,\"color_nm\":0,\"load_ts\":0,\"raw_batch_dt\":0}}","tags":{}}}
