{"commitInfo":{"timestamp":1700133803063,"operation":"WRITE","operationParameters":{"mode":"Overwrite","partitionBy":"[]"},"readVersion":6,"isolationLevel":"SnapshotIsolation","isBlindAppend":false,"operationMetrics":{"numFiles":"2","numOutputRows":"52","numOutputBytes":"8496"},"engineInfo":"Apache-Spark/3.3.1.5.2-108696741 Delta-Lake/2.2.0.9","txnId":"99d3fe95-2279-4d0a-91cb-422fb2272dd1"}}
{"add":{"path":"current_record_ind=1/part-00000-0fa90c3c-2526-47c7-9c69-29d0c7cde1a8.c000.snappy.parquet","partitionValues":{"current_record_ind":"1"},"size":4714,"modificationTime":1700133802440,"dataChange":false,"stats":"{\"numRecords\":47,\"minValues\":{\"sku_num\":\"BK-M82B-38\",\"effective_date\":\"2017-07-15\",\"end_date\":\"9999-12-31\",\"product_nm\":\"AWC Logo Cap\",\"category_nm\":\"Accessories\",\"sub_category_nm\":\"Caps\",\"item_price_amt\":5.19,\"standard_cost_amt\":3.40,\"color_nm\":\"Black\",\"load_ts\":\"2023-11-16T11:08:22.541Z\",\"raw_batch_dt\":20170712},\"maxValues\":{\"sku_num\":\"SO-B909-M\",\"effective_date\":\"2017-07-17\",\"end_date\":\"9999-12-31\",\"product_nm\":\"Sport-100 Helmet Red\",\"category_nm\":\"Components\",\"sub_category_nm\":\"Socks\",\"item_price_amt\":3578.27,\"standard_cost_amt\":2171.29,\"color_nm\":\"White\",\"load_ts\":\"2023-11-16T11:23:11.782Z\",\"raw_batch_dt\":20170717},\"nullCount\":{\"sku_num\":0,\"effective_date\":0,\"end_date\":0,\"product_nm\":0,\"category_nm\":0,\"sub_category_nm\":0,\"item_price_amt\":0,\"standard_cost_amt\":0,\"color_nm\":0,\"load_ts\":0,\"raw_batch_dt\":0}}","tags":{}}}
{"add":{"path":"current_record_ind=0/part-00001-50e6aca9-fe1e-4044-bb53-60a7c914259e.c000.snappy.parquet","partitionValues":{"current_record_ind":"0"},"size":3782,"modificationTime":1700133802476,"dataChange":false,"stats":"{\"numRecords\":5,\"minValues\":{\"sku_num\":\"BK-M82B-44\",\"effective_date\":\"2017-07-15\",\"end_date\":\"2017-07-16\",\"product_nm\":\"Mountain-100 Black 44\",\"category_nm\":\"Bikes\",\"sub_category_nm\":\"Mountain Bikes\",\"item_price_amt\":699.10,\"standard_cost_amt\":413.15,\"color_nm\":\"Black\",\"load_ts\":\"2023-11-16T11:08:22.541Z\",\"raw_batch_dt\":20170712},\"maxValues\":{\"sku_num\":\"BK-R50R-52\",\"effective_date\":\"2017-07-15\",\"end_date\":\"2017-07-17\",\"product_nm\":\"Road-650 Red 52\",\"category_nm\":\"Bikes\",\"sub_category_nm\":\"Road Bikes\",\"item_price_amt\":3399.99,\"standard_cost_amt\":1912.15,\"color_nm\":\"Silver\",\"load_ts\":\"2023-11-16T11:08:22.541Z\",\"raw_batch_dt\":20170715},\"nullCount\":{\"sku_num\":0,\"effective_date\":0,\"end_date\":0,\"product_nm\":0,\"category_nm\":0,\"sub_category_nm\":0,\"item_price_amt\":0,\"standard_cost_amt\":0,\"color_nm\":0,\"load_ts\":0,\"raw_batch_dt\":0}}","tags":{}}}
{"remove":{"path":"current_record_ind=1/part-00000-78b71efe-9f17-4fb7-b64e-fd5fabf4f853.c000.snappy.parquet","deletionTimestamp":1700133803063,"dataChange":false,"extendedFileMetadata":true,"partitionValues":{"current_record_ind":"1"},"size":4260,"tags":{}}}
{"remove":{"path":"current_record_ind=0/part-00001-2e0344d6-3ac9-4929-b888-f66cfbb08378.c000.snappy.parquet","deletionTimestamp":1700133803063,"dataChange":false,"extendedFileMetadata":true,"partitionValues":{"current_record_ind":"0"},"size":3478,"tags":{}}}
{"remove":{"path":"current_record_ind=1/part-00000-bd62d7a1-4536-4ca6-8c7f-643dd8b89748.c000.snappy.parquet","deletionTimestamp":1700133803063,"dataChange":false,"extendedFileMetadata":true,"partitionValues":{"current_record_ind":"1"},"size":3641,"tags":{}}}
{"remove":{"path":"current_record_ind=1/part-00001-e63a6dc7-51d5-4158-b568-f2284467d475.c000.snappy.parquet","deletionTimestamp":1700133803063,"dataChange":false,"extendedFileMetadata":true,"partitionValues":{"current_record_ind":"1"},"size":3331,"tags":{}}}
{"remove":{"path":"current_record_ind=0/part-00001-76ccfc9a-d203-4162-b6d6-cbcf677d46e5.c000.snappy.parquet","deletionTimestamp":1700133803063,"dataChange":false,"extendedFileMetadata":true,"partitionValues":{"current_record_ind":"0"},"size":3331,"tags":{}}}
