{"commitInfo":{"timestamp":1700133797289,"operation":"MERGE","operationParameters":{"predicate":"(t.sku_num = s.MergeKey)","matchedPredicates":"[{\"predicate\":\"((t.current_record_ind = 1) AND ((((NOT (t.product_nm = s.product_nm)) OR (NOT (t.category_nm = s.category_nm))) OR (NOT (t.sub_category_nm = s.sub_category_nm))) OR (((NOT (t.item_price_amt = s.item_price_amt)) OR (NOT (t.standard_cost_amt = s.standard_cost_amt))) OR (NOT (t.color_nm = s.color_nm)))))\",\"actionType\":\"update\"}]","notMatchedPredicates":"[{\"actionType\":\"insert\"}]"},"readVersion":5,"isolationLevel":"Serializable","isBlindAppend":false,"operationMetrics":{"numTargetRowsCopied":"26","numTargetRowsDeleted":"0","numTargetFilesAdded":"4","executionTimeMs":"5489","numTargetRowsInserted":"21","unmodifiedRewriteTimeMs":"1141","scanTimeMs":"2331","numTargetRowsUpdated":"4","numOutputRows":"51","numTargetChangeFilesAdded":"0","numSourceRows":"43","numTargetFilesRemoved":"2","rewriteTimeMs":"1672"},"engineInfo":"Apache-Spark/3.3.1.5.2-108696741 Delta-Lake/2.2.0.9","txnId":"c57b27be-b907-48e8-a31d-03ff6c1c23e9"}}
{"remove":{"path":"current_record_ind=1/part-00000-63f6e2e3-e64d-4a50-9e6f-cfd9bac4fffc.c000.snappy.parquet","deletionTimestamp":1700133797219,"dataChange":true,"extendedFileMetadata":true,"partitionValues":{"current_record_ind":"1"},"size":3528,"tags":{}}}
{"remove":{"path":"current_record_ind=1/part-00000-f35ded8f-2268-4848-8407-a3d3ce3590cd.c000.snappy.parquet","deletionTimestamp":1700133797219,"dataChange":true,"extendedFileMetadata":true,"partitionValues":{"current_record_ind":"1"},"size":4121,"tags":{}}}
{"add":{"path":"current_record_ind=1/part-00000-78b71efe-9f17-4fb7-b64e-fd5fabf4f853.c000.snappy.parquet","partitionValues":{"current_record_ind":"1"},"size":4260,"modificationTime":1700133797139,"dataChange":true,"stats":"{\"numRecords\":39,\"minValues\":{\"sku_num\":\"BK-M82B-38\",\"effective_date\":\"2017-07-15\",\"end_date\":\"9999-12-31\",\"product_nm\":\"AWC Logo Cap\",\"category_nm\":\"Accessories\",\"sub_category_nm\":\"Caps\",\"item_price_amt\":5.19,\"standard_cost_amt\":3.40,\"color_nm\":\"Black\",\"load_ts\":\"2023-11-16T11:08:22.541Z\",\"raw_batch_dt\":20170712},\"maxValues\":{\"sku_num\":\"SO-B909-M\",\"effective_date\":\"2017-07-17\",\"end_date\":\"9999-12-31\",\"product_nm\":\"Sport-100 Helmet Red\",\"category_nm\":\"Components\",\"sub_category_nm\":\"Socks\",\"item_price_amt\":3578.27,\"standard_cost_amt\":2171.29,\"color_nm\":\"White\",\"load_ts\":\"2023-11-16T11:23:11.782Z\",\"raw_batch_dt\":20170717},\"nullCount\":{\"sku_num\":0,\"effective_date\":0,\"end_date\":0,\"product_nm\":0,\"category_nm\":0,\"sub_category_nm\":0,\"item_price_amt\":0,\"standard_cost_amt\":0,\"color_nm\":0,\"load_ts\":0,\"raw_batch_dt\":0}}","tags":{}}}
{"add":{"path":"current_record_ind=0/part-00001-2e0344d6-3ac9-4929-b888-f66cfbb08378.c000.snappy.parquet","partitionValues":{"current_record_ind":"0"},"size":3478,"modificationTime":1700133797129,"dataChange":true,"stats":"{\"numRecords\":4,\"minValues\":{\"sku_num\":\"BK-M82B-44\",\"effective_date\":\"2017-07-15\",\"end_date\":\"2017-07-17\",\"product_nm\":\"Mountain-100 Black 44\",\"category_nm\":\"Bikes\",\"sub_category_nm\":\"Mountain Bikes\",\"item_price_amt\":699.10,\"standard_cost_amt\":413.15,\"color_nm\":\"Black\",\"load_ts\":\"2023-11-16T11:08:22.541Z\",\"raw_batch_dt\":20170712},\"maxValues\":{\"sku_num\":\"BK-R50R-52\",\"effective_date\":\"2017-07-15\",\"end_date\":\"2017-07-17\",\"product_nm\":\"Road-650 Red 52\",\"category_nm\":\"Bikes\",\"sub_category_nm\":\"Road Bikes\",\"item_price_amt\":3399.99,\"standard_cost_amt\":1912.15,\"color_nm\":\"Silver\",\"load_ts\":\"2023-11-16T11:08:22.541Z\",\"raw_batch_dt\":20170715},\"nullCount\":{\"sku_num\":0,\"effective_date\":0,\"end_date\":0,\"product_nm\":0,\"category_nm\":0,\"sub_category_nm\":0,\"item_price_amt\":0,\"standard_cost_amt\":0,\"color_nm\":0,\"load_ts\":0,\"raw_batch_dt\":0}}","tags":{}}}
{"add":{"path":"current_record_ind=1/part-00000-bd62d7a1-4536-4ca6-8c7f-643dd8b89748.c000.snappy.parquet","partitionValues":{"current_record_ind":"1"},"size":3641,"modificationTime":1700133796612,"dataChange":true,"stats":"{\"numRecords\":7,\"minValues\":{\"sku_num\":\"BK-R50B-62\",\"effective_date\":\"2017-07-15\",\"end_date\":\"9999-12-31\",\"product_nm\":\"HL Mountain Frame - Black 38\",\"category_nm\":\"Accessories\",\"sub_category_nm\":\"Helmets\",\"item_price_amt\":20.19,\"standard_cost_amt\":12.03,\"color_nm\":\"Black\",\"load_ts\":\"2023-11-16T11:08:22.541Z\",\"raw_batch_dt\":20170713},\"maxValues\":{\"sku_num\":\"HL-U509\",\"effective_date\":\"2017-07-15\",\"end_date\":\"9999-12-31\",\"product_nm\":\"Sport-100 Helmet Black\",\"category_nm\":\"Components\",\"sub_category_nm\":\"Road Bikes\",\"item_price_amt\":818.70,\"standard_cost_amt\":706.81,\"color_nm\":\"Silver\",\"load_ts\":\"2023-11-16T11:08:22.541Z\",\"raw_batch_dt\":20170715},\"nullCount\":{\"sku_num\":0,\"effective_date\":0,\"end_date\":0,\"product_nm\":0,\"category_nm\":0,\"sub_category_nm\":0,\"item_price_amt\":0,\"standard_cost_amt\":0,\"color_nm\":0,\"load_ts\":0,\"raw_batch_dt\":0}}","tags":{}}}
{"add":{"path":"current_record_ind=1/part-00001-e63a6dc7-51d5-4158-b568-f2284467d475.c000.snappy.parquet","partitionValues":{"current_record_ind":"1"},"size":3331,"modificationTime":1700133796604,"dataChange":true,"stats":"{\"numRecords\":1,\"minValues\":{\"sku_num\":\"BK-M82S-48\",\"effective_date\":\"2017-07-16\",\"end_date\":\"9999-12-31\",\"product_nm\":\"Mountain-100 Silver 48\",\"category_nm\":\"Bikes\",\"sub_category_nm\":\"Mountain Bikes\",\"item_price_amt\":3399.99,\"standard_cost_amt\":1912.15,\"color_nm\":\"Silver\",\"load_ts\":\"2023-11-16T11:10:14.258Z\",\"raw_batch_dt\":20170716},\"maxValues\":{\"sku_num\":\"BK-M82S-48\",\"effective_date\":\"2017-07-16\",\"end_date\":\"9999-12-31\",\"product_nm\":\"Mountain-100 Silver 48\",\"category_nm\":\"Bikes\",\"sub_category_nm\":\"Mountain Bikes\",\"item_price_amt\":3399.99,\"standard_cost_amt\":1912.15,\"color_nm\":\"Silver\",\"load_ts\":\"2023-11-16T11:10:14.258Z\",\"raw_batch_dt\":20170716},\"nullCount\":{\"sku_num\":0,\"effective_date\":0,\"end_date\":0,\"product_nm\":0,\"category_nm\":0,\"sub_category_nm\":0,\"item_price_amt\":0,\"standard_cost_amt\":0,\"color_nm\":0,\"load_ts\":0,\"raw_batch_dt\":0}}","tags":{}}}
