{"commitInfo":{"timestamp":1700133023964,"operation":"MERGE","operationParameters":{"predicate":"(t.sku_num = s.MergeKey)","matchedPredicates":"[{\"predicate\":\"((t.current_record_ind = 1) AND ((((NOT (t.product_nm = s.product_nm)) OR (NOT (t.category_nm = s.category_nm))) OR (NOT (t.sub_category_nm = s.sub_category_nm))) OR (((NOT (t.item_price_amt = s.item_price_amt)) OR (NOT (t.standard_cost_amt = s.standard_cost_amt))) OR (NOT (t.color_nm = s.color_nm)))))\",\"actionType\":\"update\"}]","notMatchedPredicates":"[{\"actionType\":\"insert\"}]"},"readVersion":1,"isolationLevel":"Serializable","isBlindAppend":false,"operationMetrics":{"numTargetRowsCopied":"29","numTargetRowsDeleted":"0","numTargetFilesAdded":"3","executionTimeMs":"9588","numTargetRowsInserted":"1","unmodifiedRewriteTimeMs":"2303","scanTimeMs":"4032","numTargetRowsUpdated":"1","numOutputRows":"31","numTargetChangeFilesAdded":"0","numSourceRows":"7","numTargetFilesRemoved":"1","rewriteTimeMs":"3394"},"engineInfo":"Apache-Spark/3.3.1.5.2-108696741 Delta-Lake/2.2.0.9","txnId":"9a656ecf-6782-407b-a18a-f8c29975e823"}}
{"remove":{"path":"current_record_ind=1/part-00000-2efadc8c-605a-4f30-a1ad-3d755eab6570.c000.snappy.parquet","deletionTimestamp":1700133023893,"dataChange":true,"extendedFileMetadata":true,"partitionValues":{"current_record_ind":"1"},"size":4420,"tags":{}}}
{"add":{"path":"current_record_ind=1/part-00000-a56de0e9-a2a5-4a20-8877-1c0277c3b346.c000.snappy.parquet","partitionValues":{"current_record_ind":"1"},"size":3528,"modificationTime":1700133023766,"dataChange":true,"stats":"{\"numRecords\":6,\"minValues\":{\"sku_num\":\"BK-M82S-48\",\"effective_date\":\"2017-07-15\",\"end_date\":\"9999-12-31\",\"product_nm\":\"Mountain-100 Silver 48\",\"category_nm\":\"Bikes\",\"sub_category_nm\":\"Mountain Bikes\",\"item_price_amt\":3399.99,\"standard_cost_amt\":1912.15,\"color_nm\":\"Red\",\"load_ts\":\"2023-11-16T11:08:22.541Z\",\"raw_batch_dt\":20170714},\"maxValues\":{\"sku_num\":\"BK-R93R-62\",\"effective_date\":\"2017-07-16\",\"end_date\":\"9999-12-31\",\"product_nm\":\"Road-150 Red 62\",\"category_nm\":\"Bikes\",\"sub_category_nm\":\"Road Bikes\",\"item_price_amt\":3578.27,\"standard_cost_amt\":2171.29,\"color_nm\":\"Silver\",\"load_ts\":\"2023-11-16T11:10:14.258Z\",\"raw_batch_dt\":20170716},\"nullCount\":{\"sku_num\":0,\"effective_date\":0,\"end_date\":0,\"product_nm\":0,\"category_nm\":0,\"sub_category_nm\":0,\"item_price_amt\":0,\"standard_cost_amt\":0,\"color_nm\":0,\"load_ts\":0,\"raw_batch_dt\":0}}","tags":{}}}
{"add":{"path":"current_record_ind=0/part-00001-d50c6b81-bb9d-49c3-8181-b4dc79c434bf.c000.snappy.parquet","partitionValues":{"current_record_ind":"0"},"size":3331,"modificationTime":1700133023772,"dataChange":true,"stats":"{\"numRecords\":1,\"minValues\":{\"sku_num\":\"BK-M82S-48\",\"effective_date\":\"2017-07-15\",\"end_date\":\"2017-07-16\",\"product_nm\":\"Mountain-100 Silver 48\",\"category_nm\":\"Bikes\",\"sub_category_nm\":\"Mountain Bikes\",\"item_price_amt\":2039.99,\"standard_cost_amt\":1912.15,\"color_nm\":\"Silver\",\"load_ts\":\"2023-11-16T11:08:22.541Z\",\"raw_batch_dt\":20170712},\"maxValues\":{\"sku_num\":\"BK-M82S-48\",\"effective_date\":\"2017-07-15\",\"end_date\":\"2017-07-16\",\"product_nm\":\"Mountain-100 Silver 48\",\"category_nm\":\"Bikes\",\"sub_category_nm\":\"Mountain Bikes\",\"item_price_amt\":2039.99,\"standard_cost_amt\":1912.15,\"color_nm\":\"Silver\",\"load_ts\":\"2023-11-16T11:08:22.541Z\",\"raw_batch_dt\":20170712},\"nullCount\":{\"sku_num\":0,\"effective_date\":0,\"end_date\":0,\"product_nm\":0,\"category_nm\":0,\"sub_category_nm\":0,\"item_price_amt\":0,\"standard_cost_amt\":0,\"color_nm\":0,\"load_ts\":0,\"raw_batch_dt\":0}}","tags":{}}}
{"add":{"path":"current_record_ind=1/part-00000-6b5b9590-d37e-493c-a483-f4aa86c31078.c000.snappy.parquet","partitionValues":{"current_record_ind":"1"},"size":4121,"modificationTime":1700133022672,"dataChange":true,"stats":"{\"numRecords\":24,\"minValues\":{\"sku_num\":\"BK-M82B-38\",\"effective_date\":\"2017-07-15\",\"end_date\":\"9999-12-31\",\"product_nm\":\"AWC Logo Cap\",\"category_nm\":\"Accessories\",\"sub_category_nm\":\"Caps\",\"item_price_amt\":5.19,\"standard_cost_amt\":3.40,\"color_nm\":\"Black\",\"load_ts\":\"2023-11-16T11:08:22.541Z\",\"raw_batch_dt\":20170712},\"maxValues\":{\"sku_num\":\"SO-B909-M\",\"effective_date\":\"2017-07-15\",\"end_date\":\"9999-12-31\",\"product_nm\":\"Sport-100 Helmet Blue\",\"category_nm\":\"Components\",\"sub_category_nm\":\"Socks\",\"item_price_amt\":3399.99,\"standard_cost_amt\":1912.15,\"color_nm\":\"White\",\"load_ts\":\"2023-11-16T11:08:22.541Z\",\"raw_batch_dt\":20170715},\"nullCount\":{\"sku_num\":0,\"effective_date\":0,\"end_date\":0,\"product_nm\":0,\"category_nm\":0,\"sub_category_nm\":0,\"item_price_amt\":0,\"standard_cost_amt\":0,\"color_nm\":0,\"load_ts\":0,\"raw_batch_dt\":0}}","tags":{}}}
