{"commitInfo":{"timestamp":1700134461110,"operation":"MERGE","operationParameters":{"predicate":"(t.sku_num = s.MergeKey)","matchedPredicates":"[{\"predicate\":\"((t.current_record_ind = 1) AND ((((NOT (t.product_nm = s.product_nm)) OR (NOT (t.category_nm = s.category_nm))) OR (NOT (t.sub_category_nm = s.sub_category_nm))) OR (((NOT (t.item_price_amt = s.item_price_amt)) OR (NOT (t.standard_cost_amt = s.standard_cost_amt))) OR (NOT (t.color_nm = s.color_nm)))))\",\"actionType\":\"update\"}]","notMatchedPredicates":"[{\"actionType\":\"insert\"}]"},"readVersion":7,"isolationLevel":"Serializable","isBlindAppend":false,"operationMetrics":{"numTargetRowsCopied":"50","numTargetRowsDeleted":"0","numTargetFilesAdded":"4","executionTimeMs":"5659","numTargetRowsInserted":"2","unmodifiedRewriteTimeMs":"1293","scanTimeMs":"2317","numTargetRowsUpdated":"2","numOutputRows":"54","numTargetChangeFilesAdded":"0","numSourceRows":"8","numTargetFilesRemoved":"2","rewriteTimeMs":"2099"},"engineInfo":"Apache-Spark/3.3.1.5.2-108696741 Delta-Lake/2.2.0.9","txnId":"20964157-696e-4de9-90e4-89eda9c228fb"}}
{"remove":{"path":"current_record_ind=1/part-00000-0fa90c3c-2526-47c7-9c69-29d0c7cde1a8.c000.snappy.parquet","deletionTimestamp":1700134461066,"dataChange":true,"extendedFileMetadata":true,"partitionValues":{"current_record_ind":"1"},"size":4714,"tags":{}}}
{"remove":{"path":"current_record_ind=0/part-00001-50e6aca9-fe1e-4044-bb53-60a7c914259e.c000.snappy.parquet","deletionTimestamp":1700134461066,"dataChange":true,"extendedFileMetadata":true,"partitionValues":{"current_record_ind":"0"},"size":3782,"tags":{}}}
{"add":{"path":"current_record_ind=1/part-00000-aed67ae4-0125-4b58-938f-27c6c4a22fd0.c000.snappy.parquet","partitionValues":{"current_record_ind":"1"},"size":3549,"modificationTime":1700134460994,"dataChange":true,"stats":"{\"numRecords\":6,\"minValues\":{\"sku_num\":\"BK-M82B-44\",\"effective_date\":\"2017-07-15\",\"end_date\":\"9999-12-31\",\"product_nm\":\"Mountain-100 Black 44\",\"category_nm\":\"Bikes\",\"sub_category_nm\":\"Mountain Bikes\",\"item_price_amt\":699.10,\"standard_cost_amt\":413.15,\"color_nm\":\"Black\",\"load_ts\":\"2023-11-16T11:08:22.541Z\",\"raw_batch_dt\":20170714},\"maxValues\":{\"sku_num\":\"BK-R93R-62\",\"effective_date\":\"2017-07-18\",\"end_date\":\"9999-12-31\",\"product_nm\":\"Road-650 Black 58\",\"category_nm\":\"Bikes\",\"sub_category_nm\":\"Road Bikes\",\"item_price_amt\":3578.27,\"standard_cost_amt\":2171.29,\"color_nm\":\"Red\",\"load_ts\":\"2023-11-16T11:34:15.426Z\",\"raw_batch_dt\":20170718},\"nullCount\":{\"sku_num\":0,\"effective_date\":0,\"end_date\":0,\"product_nm\":0,\"category_nm\":0,\"sub_category_nm\":0,\"item_price_amt\":0,\"standard_cost_amt\":0,\"color_nm\":0,\"load_ts\":0,\"raw_batch_dt\":0}}","tags":{}}}
{"add":{"path":"current_record_ind=0/part-00001-7e3fe0e0-9331-4f74-9859-6c886fbb8d20.c000.snappy.parquet","partitionValues":{"current_record_ind":"0"},"size":3498,"modificationTime":1700134460979,"dataChange":true,"stats":"{\"numRecords\":4,\"minValues\":{\"sku_num\":\"BK-M82B-44\",\"effective_date\":\"2017-07-15\",\"end_date\":\"2017-07-17\",\"product_nm\":\"Mountain-100 Black 44\",\"category_nm\":\"Bikes\",\"sub_category_nm\":\"Mountain Bikes\",\"item_price_amt\":419.46,\"standard_cost_amt\":413.15,\"color_nm\":\"Black\",\"load_ts\":\"2023-11-16T11:08:22.541Z\",\"raw_batch_dt\":20170714},\"maxValues\":{\"sku_num\":\"BK-R50B-58\",\"effective_date\":\"2017-07-17\",\"end_date\":\"2017-07-18\",\"product_nm\":\"Road-650 Black 58\",\"category_nm\":\"Bikes\",\"sub_category_nm\":\"Road Bikes\",\"item_price_amt\":3374.99,\"standard_cost_amt\":1898.09,\"color_nm\":\"Black\",\"load_ts\":\"2023-11-16T11:23:11.782Z\",\"raw_batch_dt\":20170717},\"nullCount\":{\"sku_num\":0,\"effective_date\":0,\"end_date\":0,\"product_nm\":0,\"category_nm\":0,\"sub_category_nm\":0,\"item_price_amt\":0,\"standard_cost_amt\":0,\"color_nm\":0,\"load_ts\":0,\"raw_batch_dt\":0}}","tags":{}}}
{"add":{"path":"current_record_ind=1/part-00000-fc003574-671e-4125-917c-43790be7ab6b.c000.snappy.parquet","partitionValues":{"current_record_ind":"1"},"size":4435,"modificationTime":1700134460067,"dataChange":true,"stats":"{\"numRecords\":41,\"minValues\":{\"sku_num\":\"BK-M82B-38\",\"effective_date\":\"2017-07-15\",\"end_date\":\"9999-12-31\",\"product_nm\":\"AWC Logo Cap\",\"category_nm\":\"Accessories\",\"sub_category_nm\":\"Caps\",\"item_price_amt\":5.19,\"standard_cost_amt\":3.40,\"color_nm\":\"Black\",\"load_ts\":\"2023-11-16T11:08:22.541Z\",\"raw_batch_dt\":20170712},\"maxValues\":{\"sku_num\":\"SO-B909-M\",\"effective_date\":\"2017-07-17\",\"end_date\":\"9999-12-31\",\"product_nm\":\"Sport-100 Helmet Red\",\"category_nm\":\"Components\",\"sub_category_nm\":\"Socks\",\"item_price_amt\":3578.27,\"standard_cost_amt\":2171.29,\"color_nm\":\"White\",\"load_ts\":\"2023-11-16T11:23:11.782Z\",\"raw_batch_dt\":20170717},\"nullCount\":{\"sku_num\":0,\"effective_date\":0,\"end_date\":0,\"product_nm\":0,\"category_nm\":0,\"sub_category_nm\":0,\"item_price_amt\":0,\"standard_cost_amt\":0,\"color_nm\":0,\"load_ts\":0,\"raw_batch_dt\":0}}","tags":{}}}
{"add":{"path":"current_record_ind=0/part-00001-2a8cf7a2-ba64-4312-8db3-ca5eb82d25fb.c000.snappy.parquet","partitionValues":{"current_record_ind":"0"},"size":3493,"modificationTime":1700134460039,"dataChange":true,"stats":"{\"numRecords\":3,\"minValues\":{\"sku_num\":\"BK-M82S-44\",\"effective_date\":\"2017-07-15\",\"end_date\":\"2017-07-16\",\"product_nm\":\"Mountain-100 Silver 44\",\"category_nm\":\"Bikes\",\"sub_category_nm\":\"Mountain Bikes\",\"item_price_amt\":699.10,\"standard_cost_amt\":413.15,\"color_nm\":\"Red\",\"load_ts\":\"2023-11-16T11:08:22.541Z\",\"raw_batch_dt\":20170712},\"maxValues\":{\"sku_num\":\"BK-R50R-52\",\"effective_date\":\"2017-07-15\",\"end_date\":\"2017-07-17\",\"product_nm\":\"Road-650 Red 52\",\"category_nm\":\"Bikes\",\"sub_category_nm\":\"Road Bikes\",\"item_price_amt\":3399.99,\"standard_cost_amt\":1912.15,\"color_nm\":\"Silver\",\"load_ts\":\"2023-11-16T11:08:22.541Z\",\"raw_batch_dt\":20170715},\"nullCount\":{\"sku_num\":0,\"effective_date\":0,\"end_date\":0,\"product_nm\":0,\"category_nm\":0,\"sub_category_nm\":0,\"item_price_amt\":0,\"standard_cost_amt\":0,\"color_nm\":0,\"load_ts\":0,\"raw_batch_dt\":0}}","tags":{}}}
